[
  {
    "name": "Arstotzka",
    "leaderName": "Communist Party of Arstotzka",
    "adjective": "Arstotzka",
    "startBias": ["Coast"],
    "preferredVictoryType": "Scientific",

    "startIntroPart": "The government of Arstotzka uses capital punishment and forced labor. To be considered eligible for employment Arstotzkans are expected to maintain families and have at least one fellow family member alive to continue the Arstotzkan growth. Arstotzka also attracts immigrants and foreign workers. EZIC describes Arstotzka's government as tyrannical.",
    "declaringWar": "Destroy... Destroy the enemies of the people!",
    "attacked": "Our valiant people will hold off your attack!",
    "defeated": "I congratulate you. You were able to destroy us. But the ideas of communism will not fall and we will return some day.",
    "introduction": "On behalf of all my people, I welcome you.",
    "neutralHello": "Good morning.",
    "hateHello": "What do YOU want?",
    "tradeRequest": "Can I interest you in this deal?",
    "unique": "SIBERIAN_RICHES",
    "outerColor": [47, 79, 79],
    "innerColor": [95, 158, 160],
    "cities": ["Paradizna","East Grestin","Orvich-Vonor","Nirsk"]
  },
  {
    "name": "Kolechia",
    "leaderName": "Party United Kolechia",
    "adjective": "Kolechia",
    "startBias": ["Hills"],
    "preferredVictoryType": "Domination",

    "startIntroPart": "Kolechia borders five other countries, a lake with Antegria and Obristan, and the easternmost ocean. Kolechia is the largest of the three countries seen in their entirety on the map.",
    "declaringWar": "You have been destroy.",
    "attacked": "My invincible army will withstand the onslaught.",
    "defeated": "Make life in our cities better.",
    "introduction": "We have the best!",
    "neutralHello": "Hello.",
    "hateHello": "So what now?",
    "tradeRequest": "Can I interest you in this deal?",
    "unique": "MONGOL_TERROR",
    "outerColor": [75, 0, 130],
    "innerColor": [218, 165, 32],
    "cities": ["Yurko City","Vedor","West Grestin"]
  },
  {
    "name": "Obristan",
    "leaderName": "Neutral Party of Obristan",
    "adjective": "Obristan",
    "startBias": ["Tundra"],
    "preferredVictoryType": "Cultural",

    "startIntroPart": "Obristan is the northernmost country on the map in the rulebook. It borders a lake with Antegria and Kolechia.",
    "declaringWar": "Obristan above all.",
    "attacked": "Fool! You have doomed your people to fire and destruction!",
    "defeated": "We have been consumed by the fires of hatred and rage. Enjoy your victory in this world - you shall pay a heavy price in the next!",
    "introduction": "Welcome to Orbistan",
    "neutralHello": "Greetings.",
    "hateHello": "Oh, it's you.",
    "tradeRequest": "Can I interest you in this deal?",
    "unique": "RIVER_WARLORD",
    "outerColor": [128, 0, 0],
    "innerColor": [184, 134, 11],
    "cities": ["Skal","Lorndaz","Mergerous"]
  },
  {
    "name": "Antegria",
    "leaderName": "Conservative Party of Antegria",
    "adjective": "Antegria",
    "startBias": ["Coast"],
    "preferredVictoryType": "Cultural",

    "startIntroPart": "Antegria is a country to the west of Arstotzka. It is one of the four countries that do not border Arstotzka directly. A fleeing couple says they are fleeing from Antegrian tyranny. The wife of the couple says she will be killed if she is denied. Information about a domestic spying program is also given on day 11 when the said program is exposed.",
    "declaringWar": "You must is destroy.",
    "attacked": "You can't walk a kilometer on our mother earth!",
    "defeated": "The foreign package was stronger.",
    "introduction": "Welcome to our mother Antegria",
    "neutralHello": "Good evening.",
    "hateHello": "What?",
    "tradeRequest": "Can I interest you in this deal?",
    "unique": "ART_OF_WAR",
    "outerColor": [0, 100, 0],
    "innerColor": [128, 128, 0],
    "cities": ["St. Marmero","Glorian","Outer Grouse"]
  },
  {
    "name": "Republia",
    "leaderName": "Respublican Party of Republia",
    "adjective": "Republia",
    "startBias": ["Grassland"],
    "preferredVictoryType": "Scientific",

    "startIntroPart1": "Though not much information is given about Republia in Papers, Please, a country with the same name is also featured in The Republia Times, another game created by Lucas Pope. Republia, despite being land-locked in Papers, Please, fields a large navy and has natural disasters taking place along its coastline in The Republia Times, indicating that the game may take place in a universe slightly similar to Papers, Please or in the same universe but several years after or before the events depicted in Papers, Please. While it is also possible that the events in The Republia Times are set before Papers, Please, it is worth noticing that in The Republia Times, the internet is a widespread phenomenon, while it was not still the the case by 1982, the year Papers, Please takes place.",
    "startIntroPart2": "It is explained that Republia was recently at war with Antegria. The two countries are locked in a Cold War-style rivalry, and similarly to Papers, Please, mysterious rebels will try to persuade the player to help them. If successful, the rebels, led by a person called Kurstov, take over Republia and change its name to Democria (and then back to Republia if the same game played again with the new government).",
    "declaringWar": "Republic in every house!",
    "attacked": "Oh, my God.",
    "defeated": "The Republic will not fall! Never!",
    "neutralHello": "Republia broadcasts.",
    "hateHello": "Republia doesn't want to see you on the live broadcast",
    "unique": "TRADE_CARAVANS",
    "tradeRequest": "Can I interest you in this deal?",
    "outerColor": [139, 69, 19],
    "innerColor": [218, 165, 32],
    "cities": ["True Glorian","Lesrenadi","Bostan"]
  },
  {
    "name": "United Federation",
    "leaderName": "The United Social-Democratic Federation Party",
    "adjective": "United Federation",
    "startBias": ["Coast"],
    "preferredVictoryType": "Scientific",

    "startIntroPart1": "The United Federation (sometimes shortened to United Fed.) is a country to the west of Arstotzka. It is one of the four countries that do not border Arstotzka on the game map. Entrants from the United Federation are identified by a blue passport with a silver emblem on the front. A polio outbreak in the United Federation on day 25 causes Arstotzka to require an up-to-date polio vaccination from all entrants since day 26.",
    "startIntroPart2": "As with the other countries, not much background information is given in the game. An ex-inspector on day 18 explains that they used to deny most entrants when they worked at the border in the United Federation, and that the country now uses computers for processing entrants. The game does not provide enough information to compare the statement to the level of technology in other countries.",
    "declaringWar": "The future is with us!",
    "attacked": "You are going against us, against the future. Was it worth it for your country?",
    "defeated": "The future is lost, for we have fallen - the bulwark of democracy...",
    "neutralHello": "Good morning!",
    "hateHello": "What do you want?",
    "tradeRequest": "Can I interest you in this deal?",
    "unique": "MANIFEST_DESTINY",
    "outerColor": [0, 0, 205],
    "innerColor": [240, 248, 255],
    "cities": ["Great Rapid","Shingleton","Korista City"]
  },
  {
    "name": "Impor",
    "leaderName": "National Party of Impor",
    "adjective": "Impor",
    "startBias": ["Hills"],
    "preferredVictoryType": "Cultural",

    "startIntroPart1": "Impor is a coastal country to the southwest of Arstotzka. It is bordered by Kolechia to the east, Republia to the north, the United Federation to the west, and is one of the four countries that do not border Arstotzka directly. However, Impor and Arstotzka both have access to the same sea.",
    "startIntroPart2": "Impor protests Arstotzka's unbalanced trade restrictions on day 18 and claims that Arstotzka taxes Imporian goods unfairly. Impor will then block all import of Arstotzkan goods on day 19, so the Ministry of Admission, on request of the Ministry of Trade, will order to deny all entrants from Impor. Sanctions end a day later.",
    "declaringWar": "We need trade loyal trade routesю",
    "attacked": "You are encroaching on the commercial capital of the world!",
    "defeated": "The world's economies will collapse without us.",
    "neutralHello": "Want a trade deal?",
    "hateHello": "We have imposed sanctions on you.",
    "tradeRequest": "Can I interest you in this deal?",
    "unique": "SCHOLARS_OF_THE_JADE_HALL",
    "outerColor": [178, 34, 34],
    "innerColor": [255, 215, 0],
    "cities": ["Enkyo","Haihan","Tsunkeido"]
  }
]